{
  "swagger": "2.0",
  "info": {
    "description": "Inventory API reference for developers",
    "version": "1.0",
    "title": "Inventory API"   
  },
  "host": "localhost:9001",
  "basePath": "/",
  "tags": [
    {
      "name": "inventory-controller",
      "description": "Inventory Controller"
    }
  ],
  "paths": {
    "/api": {
      "get": {
        "tags": [
          "inventory-controller"
        ],
        "summary": "index",
        "operationId": "indexUsingGET",
        "consumes": [
          "application/json"
        ],
        "produces": [
          "*/*"
        ],
        "parameters": [
          {
            "name": "tenant-id",
            "in": "header",
            "description": "Tenant Identity",
            "required": false,
            "type": "string",
            "default": "microservices"
          }
        ],
        "responses": {
          "200": {
            "description": "OK",
            "schema": {
              "type": "string"
            }
          },
          "401": {
            "description": "Unauthorized"
          },
          "403": {
            "description": "Forbidden"
          },
          "404": {
            "description": "Not Found"
          }
        }
      }
    },
    "/api/inventory": {
      "get": {
        "tags": [
          "inventory-controller"
        ],
        "summary": "getAll",
        "operationId": "getAllUsingGET",
        "consumes": [
          "application/json"
        ],
        "produces": [
          "*/*"
        ],
        "parameters": [
          {
            "name": "tenant-id",
            "in": "header",
            "description": "Tenant Identity",
            "required": false,
            "type": "string",
            "default": "microservices"
          }
        ],
        "responses": {
          "200": {
            "description": "OK",
            "schema": {
              "type": "array",
              "items": {
                "$ref": "#/definitions/Inventory"
              }
            }
          },
          "401": {
            "description": "Unauthorized"
          },
          "403": {
            "description": "Forbidden"
          },
          "404": {
            "description": "Not Found"
          }
        }
      },
      "post": {
        "tags": [
          "inventory-controller"
        ],
        "summary": "insert",
        "operationId": "insertUsingPOST",
        "consumes": [
          "application/json"
        ],
        "produces": [
          "*/*"
        ],
        "parameters": [
          {
            "name": "tenant-id",
            "in": "header",
            "description": "Tenant Identity",
            "required": false,
            "type": "string",
            "default": "microservices"
          },
          {
            "in": "body",
            "name": "inventory",
            "description": "inventory",
            "required": true,
            "schema": {
              "$ref": "#/definitions/Inventory"
            }
          }
        ],
        "responses": {
          "200": {
            "description": "OK",
            "schema": {
              "$ref": "#/definitions/Inventory"
            }
          },
          "201": {
            "description": "Created"
          },
          "401": {
            "description": "Unauthorized"
          },
          "403": {
            "description": "Forbidden"
          },
          "404": {
            "description": "Not Found"
          }
        }
      }
    },
    "/api/inventory/getByLocationName/{locationName}": {
      "get": {
        "tags": [
          "inventory-controller"
        ],
        "summary": "getByLocationName",
        "operationId": "getByLocationNameUsingGET",
        "consumes": [
          "application/json"
        ],
        "produces": [
          "*/*"
        ],
        "parameters": [
          {
            "name": "tenant-id",
            "in": "header",
            "description": "Tenant Identity",
            "required": false,
            "type": "string",
            "default": "microservices"
          },
          {
            "name": "locationName",
            "in": "path",
            "description": "locationName",
            "required": true,
            "type": "string"
          }
        ],
        "responses": {
          "200": {
            "description": "OK",
            "schema": {
              "type": "array",
              "items": {
                "$ref": "#/definitions/Inventory"
              }
            }
          },
          "401": {
            "description": "Unauthorized"
          },
          "403": {
            "description": "Forbidden"
          },
          "404": {
            "description": "Not Found"
          }
        }
      }
    },
    "/api/inventory/getByProductName/{productName}": {
      "get": {
        "tags": [
          "inventory-controller"
        ],
        "summary": "getByProductName",
        "operationId": "getByProductNameUsingGET",
        "consumes": [
          "application/json"
        ],
        "produces": [
          "*/*"
        ],
        "parameters": [
          {
            "name": "tenant-id",
            "in": "header",
            "description": "Tenant Identity",
            "required": false,
            "type": "string",
            "default": "microservices"
          },
          {
            "name": "productName",
            "in": "path",
            "description": "productName",
            "required": true,
            "type": "string"
          }
        ],
        "responses": {
          "200": {
            "description": "OK",
            "schema": {
              "type": "array",
              "items": {
                "$ref": "#/definitions/Inventory"
              }
            }
          },
          "401": {
            "description": "Unauthorized"
          },
          "403": {
            "description": "Forbidden"
          },
          "404": {
            "description": "Not Found"
          }
        }
      }
    },
    "/api/inventory/updateQuantity": {
      "put": {
        "tags": [
          "inventory-controller"
        ],
        "summary": "updateQuantity",
        "operationId": "updateQuantityUsingPUT",
        "consumes": [
          "application/json"
        ],
        "produces": [
          "*/*"
        ],
        "parameters": [
          {
            "name": "tenant-id",
            "in": "header",
            "description": "Tenant Identity",
            "required": false,
            "type": "string",
            "default": "microservices"
          },
          {
            "in": "body",
            "name": "inventory",
            "description": "inventory",
            "required": true,
            "schema": {
              "$ref": "#/definitions/Inventory"
            }
          }
        ],
        "responses": {
          "200": {
            "description": "OK",
            "schema": {
              "$ref": "#/definitions/Inventory"
            }
          },
          "201": {
            "description": "Created"
          },
          "401": {
            "description": "Unauthorized"
          },
          "403": {
            "description": "Forbidden"
          },
          "404": {
            "description": "Not Found"
          }
        }
      }
    },
    "/api/inventory/{productName}/{locationName}": {
      "get": {
        "tags": [
          "inventory-controller"
        ],
        "summary": "getByProductAndLocationName",
        "operationId": "getByProductAndLocationNameUsingGET",
        "consumes": [
          "application/json"
        ],
        "produces": [
          "*/*"
        ],
        "parameters": [
          {
            "name": "tenant-id",
            "in": "header",
            "description": "Tenant Identity",
            "required": false,
            "type": "string",
            "default": "microservices"
          },
          {
            "name": "productName",
            "in": "path",
            "description": "productName",
            "required": true,
            "type": "string"
          },
          {
            "name": "locationName",
            "in": "path",
            "description": "locationName",
            "required": true,
            "type": "string"
          }
        ],
        "responses": {
          "200": {
            "description": "OK",
            "schema": {
              "$ref": "#/definitions/Inventory"
            }
          },
          "401": {
            "description": "Unauthorized"
          },
          "403": {
            "description": "Forbidden"
          },
          "404": {
            "description": "Not Found"
          }
        }
      }
    }
  },
  "definitions": {
    "Inventory": {
      "type": "object",
      "properties": {
        "locationName": {
          "type": "string"
        },
        "productName": {
          "type": "string"
        },
        "quantity": {
          "type": "integer",
          "format": "int32"
        }
      }
    }
  },
  "entities":{
   "Inventory": {
      "type": "object",
      "properties": {
        "locationName": {
          "type": "string",
		  "primaryKey":true
        },
		"productName": {
          "type": "string"
        },
        "quantity": {
          "type": "integer",
          "format": "int32"
        }          
	  }
    }
  }
}